<?xml version="1.0" encoding="UTF-8"?>
<!DOCTYPE suite SYSTEM "https://testng.org/testng-1.0.dtd">
<suite name="Suite">
	
	<listeners>
		<listener class-name="com.crm.finalMockA6.Listerners.Listeners"></listener>
	</listeners>
  <test thread-count="5" name="Test">
    <classes>
      <class name="com.crm.finalMockA6.FinalMock.Task1"/>
      <class name="com.crm.finalMockA6.FinalMock.Task2"/>
      <class name="com.crm.finalMockA6.FinalMock.Task3"/>
    </classes>
  </test> <!-- Test -->
</suite> <!-- Suite -->
